<?xml version="1.0" encoding="UTF-8"?>
<Flow xmlns="http://soap.sforce.com/2006/04/metadata">
    <apiVersion>64.0</apiVersion>
    <areMetricsLoggedToDataCloud>false</areMetricsLoggedToDataCloud>
    <decisions>
        <name>Decision_1</name>
        <label>Decision 1</label>
        <locationX>0</locationX>
        <locationY>0</locationY>
        <defaultConnector>
            <targetReference>Set_Loyalty_Status_to_Silver</targetReference>
        </defaultConnector>
        <defaultConnectorLabel>Default Outcome</defaultConnectorLabel>
        <rules>
            <name>if_total_purchase_1000</name>
            <conditionLogic>and</conditionLogic>
            <conditions>
                <leftValueReference>Loop_1.Total_Purchases__c</leftValueReference>
                <operator>GreaterThan</operator>
                <rightValue>
                    <numberValue>1000.0</numberValue>
                </rightValue>
            </conditions>
            <connector>
                <targetReference>Set_Loyalty_Status_to_Gold</targetReference>
            </connector>
            <label>if total purchase &gt; 1000</label>
        </rules>
        <rules>
            <name>if_TotalPurchases_500</name>
            <conditionLogic>and</conditionLogic>
            <conditions>
                <leftValueReference>Loop_1.Total_Purchases__c</leftValueReference>
                <operator>LessThan</operator>
                <rightValue>
                    <numberValue>500.0</numberValue>
                </rightValue>
            </conditions>
            <connector>
                <targetReference>Set_Loyalty_Status_to_Bronze</targetReference>
            </connector>
            <label>if TotalPurchases &lt; 500</label>
        </rules>
    </decisions>
    <environments>Default</environments>
    <interviewLabel>Loyalty Status Update Flow {!$Flow.CurrentDateTime}</interviewLabel>
    <label>Loyalty Status Update Flow</label>
    <loops>
        <name>Loop_1</name>
        <label>Loop 1</label>
        <locationX>0</locationX>
        <locationY>0</locationY>
        <collectionReference>Get_Records</collectionReference>
        <iterationOrder>Asc</iterationOrder>
        <nextValueConnector>
            <targetReference>Decision_1</targetReference>
        </nextValueConnector>
    </loops>
    <processMetadataValues>
        <name>BuilderType</name>
        <value>
            <stringValue>LightningFlowBuilder</stringValue>
        </value>
    </processMetadataValues>
    <processMetadataValues>
        <name>CanvasMode</name>
        <value>
            <stringValue>AUTO_LAYOUT_CANVAS</stringValue>
        </value>
    </processMetadataValues>
    <processMetadataValues>
        <name>OriginBuilderType</name>
        <value>
            <stringValue>LightningFlowBuilder</stringValue>
        </value>
    </processMetadataValues>
    <processType>AutoLaunchedFlow</processType>
    <recordLookups>
        <name>Get_Records</name>
        <label>Get Records</label>
        <locationX>0</locationX>
        <locationY>0</locationY>
        <assignNullValuesIfNoRecordsFound>false</assignNullValuesIfNoRecordsFound>
        <connector>
            <targetReference>Loop_1</targetReference>
        </connector>
        <getFirstRecordOnly>false</getFirstRecordOnly>
        <object>HandsMen_Customer__c</object>
        <storeOutputAutomatically>true</storeOutputAutomatically>
    </recordLookups>
    <recordUpdates>
        <name>Set_Loyalty_Status_to_Bronze</name>
        <label>Set Loyalty Status to Bronze</label>
        <locationX>0</locationX>
        <locationY>0</locationY>
        <connector>
            <targetReference>Loop_1</targetReference>
        </connector>
        <filterLogic>and</filterLogic>
        <filters>
            <field>Total_Purchases__c</field>
            <operator>GreaterThan</operator>
            <value>
                <numberValue>500.0</numberValue>
            </value>
        </filters>
        <inputAssignments>
            <field>Loyalty_Status__c</field>
            <value>
                <stringValue>Bronze</stringValue>
            </value>
        </inputAssignments>
        <object>HandsMen_Customer__c</object>
    </recordUpdates>
    <recordUpdates>
        <name>Set_Loyalty_Status_to_Gold</name>
        <label>Set Loyalty Status to Gold</label>
        <locationX>0</locationX>
        <locationY>0</locationY>
        <connector>
            <targetReference>Loop_1</targetReference>
        </connector>
        <filterLogic>and</filterLogic>
        <filters>
            <field>Total_Purchases__c</field>
            <operator>GreaterThan</operator>
            <value>
                <numberValue>1000.0</numberValue>
            </value>
        </filters>
        <inputAssignments>
            <field>Loyalty_Status__c</field>
            <value>
                <stringValue>Gold</stringValue>
            </value>
        </inputAssignments>
        <object>HandsMen_Customer__c</object>
    </recordUpdates>
    <recordUpdates>
        <name>Set_Loyalty_Status_to_Silver</name>
        <label>Set Loyalty Status to Silver</label>
        <locationX>0</locationX>
        <locationY>0</locationY>
        <connector>
            <targetReference>Loop_1</targetReference>
        </connector>
        <inputAssignments>
            <field>Loyalty_Status__c</field>
            <value>
                <stringValue>Silver</stringValue>
            </value>
        </inputAssignments>
        <object>HandsMen_Customer__c</object>
    </recordUpdates>
    <start>
        <locationX>0</locationX>
        <locationY>0</locationY>
        <connector>
            <targetReference>Get_Records</targetReference>
        </connector>
        <schedule>
            <frequency>Daily</frequency>
            <startDate>2025-07-30</startDate>
            <startTime>00:00:00.000Z</startTime>
        </schedule>
        <triggerType>Scheduled</triggerType>
    </start>
    <status>Active</status>
</Flow>
