<?xml version="1.0" encoding="UTF-8"?>
<CustomField xmlns="http://soap.sforce.com/2006/04/metadata">
    <fullName>HandsMen_Customer__c</fullName>
    <deleteConstraint>SetNull</deleteConstraint>
    <label>HandsMen Customer</label>
    <referenceTo>HandsMen_Customer__c</referenceTo>
    <relationshipLabel>Marketing Campaigns</relationshipLabel>
    <relationshipName>Marketing_Campaigns</relationshipName>
    <required>false</required>
    <trackTrending>false</trackTrending>
    <type>Lookup</type>
</CustomField>
