<?xml version="1.0" encoding="UTF-8"?>
<CustomApplication xmlns="http://soap.sforce.com/2006/04/metadata">
    <formFactors>Large</formFactors>
    <isNavAutoTempTabsDisabled>false</isNavAutoTempTabsDisabled>
    <isNavPersonalizationDisabled>false</isNavPersonalizationDisabled>
    <isNavTabPersistenceDisabled>false</isNavTabPersistenceDisabled>
    <isOmniPinnedViewEnabled>false</isOmniPinnedViewEnabled>
    <label>Audience360</label>
    <navType>Standard</navType>
    <tabs>standard-home</tabs>
    <tabs>standard-DataStream</tabs>
    <tabs>standard-DataLakeObjectInstance</tabs>
    <tabs>standard-DataModel</tabs>
    <tabs>standard-DataView</tabs>
    <tabs>standard-EinsteinStudio</tabs>
    <tabs>standard-SemanticModel</tabs>
    <tabs>standard-IdentityResolution</tabs>
    <tabs>standard-ProfileExplorer</tabs>
    <tabs>standard-MktCalculatedInsight</tabs>
    <tabs>standard-DataActionTarget</tabs>
    <tabs>standard-DataAction</tabs>
    <tabs>standard-MarketSegment</tabs>
    <tabs>standard-ActivationTarget</tabs>
    <tabs>standard-MarketSegmentActivation</tabs>
    <tabs>standard-MlWorkspace</tabs>
    <tabs>standard-DataSemanticSearch</tabs>
    <tabs>standard-MktAiPredictiveInsight</tabs>
    <tabs>standard-DataGraph</tabs>
    <tabs>standard-ExtDataShare</tabs>
    <tabs>standard-ExtDataShareTarget</tabs>
    <tabs>standard-DataQueryWorkspace</tabs>
    <tabs>standard-MktDataTransform</tabs>
    <tabs>standard-report</tabs>
    <tabs>standard-Dashboard</tabs>
    <tabs>standard-DataObjSecondaryIndex</tabs>
    <tabs>HandsMen_Customer__c</tabs>
    <tabs>HandsMen_Order__c</tabs>
    <tabs>HandsMen_Product__c</tabs>
    <tabs>Inventory__c</tabs>
    <tabs>Marketing_Campaign__c</tabs>
    <uiType>Lightning</uiType>
</CustomApplication>
