<?xml version="1.0" encoding="UTF-8"?>
<CustomApplication xmlns="http://soap.sforce.com/2006/04/metadata">
    <formFactors>Small</formFactors>
    <formFactors>Medium</formFactors>
    <formFactors>Large</formFactors>
    <isNavAutoTempTabsDisabled>false</isNavAutoTempTabsDisabled>
    <isNavPersonalizationDisabled>false</isNavPersonalizationDisabled>
    <isNavTabPersistenceDisabled>false</isNavTabPersistenceDisabled>
    <isOmniPinnedViewEnabled>false</isOmniPinnedViewEnabled>
    <label>Sales</label>
    <navType>Standard</navType>
    <tabs>standard-home</tabs>
    <tabs>standard-WaveHome</tabs>
    <tabs>standard-Opportunity</tabs>
    <tabs>standard-Lead</tabs>
    <tabs>standard-Task</tabs>
    <tabs>standard-File</tabs>
    <tabs>standard-Account</tabs>
    <tabs>standard-Contact</tabs>
    <tabs>standard-Campaign</tabs>
    <tabs>standard-Dashboard</tabs>
    <tabs>standard-report</tabs>
    <tabs>standard-Feed</tabs>
    <tabs>standard-CollaborationGroup</tabs>
    <tabs>standard-Event</tabs>
    <tabs>standard-OtherUserProfile</tabs>
    <tabs>standard-Case</tabs>
    <tabs>standard-Forecasting3</tabs>
    <tabs>HandsMen_Customer__c</tabs>
    <tabs>HandsMen_Order__c</tabs>
    <tabs>HandsMen_Product__c</tabs>
    <tabs>Inventory__c</tabs>
    <tabs>Marketing_Campaign__c</tabs>
    <uiType>Lightning</uiType>
    <utilityBar>LightningSales_UtilityBar</utilityBar>
</CustomApplication>
