<?xml version="1.0" encoding="UTF-8"?>
<CustomApplication xmlns="http://soap.sforce.com/2006/04/metadata">
    <defaultLandingTab>standard-home</defaultLandingTab>
    <formFactors>Large</formFactors>
    <isNavAutoTempTabsDisabled>false</isNavAutoTempTabsDisabled>
    <isNavPersonalizationDisabled>false</isNavPersonalizationDisabled>
    <isNavTabPersistenceDisabled>false</isNavTabPersistenceDisabled>
    <isOmniPinnedViewEnabled>false</isOmniPinnedViewEnabled>
    <tabs>standard-Chatter</tabs>
    <tabs>standard-Workspace</tabs>
    <tabs>standard-ContentSearch</tabs>
    <tabs>standard-ContentSubscriptions</tabs>
    <tabs>HandsMen_Customer__c</tabs>
    <tabs>HandsMen_Order__c</tabs>
    <tabs>HandsMen_Product__c</tabs>
    <tabs>Inventory__c</tabs>
    <tabs>Marketing_Campaign__c</tabs>
</CustomApplication>
