<?xml version="1.0" encoding="UTF-8"?>
<CustomApplication xmlns="http://soap.sforce.com/2006/04/metadata">
    <formFactors>Small</formFactors>
    <formFactors>Large</formFactors>
    <isNavAutoTempTabsDisabled>false</isNavAutoTempTabsDisabled>
    <isNavPersonalizationDisabled>false</isNavPersonalizationDisabled>
    <isNavTabPersistenceDisabled>false</isNavTabPersistenceDisabled>
    <isOmniPinnedViewEnabled>false</isOmniPinnedViewEnabled>
    <label>Service Console</label>
    <navType>Console</navType>
    <setupExperience>service</setupExperience>
    <tabs>standard-Case</tabs>
    <tabs>standard-Contact</tabs>
    <tabs>standard-Account</tabs>
    <tabs>standard-report</tabs>
    <tabs>standard-Dashboard</tabs>
    <tabs>standard-home</tabs>
    <tabs>standard-Incident</tabs>
    <tabs>standard-Problem</tabs>
    <tabs>standard-ChangeRequest</tabs>
    <tabs>HandsMen_Customer__c</tabs>
    <tabs>HandsMen_Order__c</tabs>
    <tabs>HandsMen_Product__c</tabs>
    <tabs>Inventory__c</tabs>
    <tabs>Marketing_Campaign__c</tabs>
    <uiType>Lightning</uiType>
    <utilityBar>LightningService_UtilityBar</utilityBar>
    <workspaceConfig>
        <mappings>
            <tab>HandsMen_Customer__c</tab>
        </mappings>
        <mappings>
            <tab>HandsMen_Order__c</tab>
        </mappings>
        <mappings>
            <tab>HandsMen_Product__c</tab>
        </mappings>
        <mappings>
            <tab>Inventory__c</tab>
        </mappings>
        <mappings>
            <tab>Marketing_Campaign__c</tab>
        </mappings>
        <mappings>
            <tab>standard-Account</tab>
        </mappings>
        <mappings>
            <tab>standard-Case</tab>
        </mappings>
        <mappings>
            <tab>standard-ChangeRequest</tab>
        </mappings>
        <mappings>
            <tab>standard-Contact</tab>
        </mappings>
        <mappings>
            <tab>standard-Dashboard</tab>
        </mappings>
        <mappings>
            <tab>standard-Incident</tab>
        </mappings>
        <mappings>
            <tab>standard-Problem</tab>
        </mappings>
        <mappings>
            <tab>standard-home</tab>
        </mappings>
        <mappings>
            <tab>standard-report</tab>
        </mappings>
    </workspaceConfig>
</CustomApplication>
