<?xml version="1.0" encoding="UTF-8"?>
<PermissionSet xmlns="http://soap.sforce.com/2006/04/metadata">
    <hasActivationRequired>false</hasActivationRequired>
    <label>Permission Platform 1</label>
    <objectPermissions>
        <allowCreate>true</allowCreate>
        <allowDelete>true</allowDelete>
        <allowEdit>true</allowEdit>
        <allowRead>true</allowRead>
        <modifyAllRecords>false</modifyAllRecords>
        <object>Customer</object>
        <viewAllFields>false</viewAllFields>
        <viewAllRecords>false</viewAllRecords>
    </objectPermissions>
    <objectPermissions>
        <allowCreate>true</allowCreate>
        <allowDelete>true</allowDelete>
        <allowEdit>true</allowEdit>
        <allowRead>true</allowRead>
        <modifyAllRecords>false</modifyAllRecords>
        <object>HandsMen_Customer__c</object>
        <viewAllFields>false</viewAllFields>
        <viewAllRecords>false</viewAllRecords>
    </objectPermissions>
    <objectPermissions>
        <allowCreate>true</allowCreate>
        <allowDelete>true</allowDelete>
        <allowEdit>true</allowEdit>
        <allowRead>true</allowRead>
        <modifyAllRecords>false</modifyAllRecords>
        <object>Order</object>
        <viewAllFields>false</viewAllFields>
        <viewAllRecords>false</viewAllRecords>
    </objectPermissions>
</PermissionSet>
